﻿<?xml version="1.0" encoding="utf-8"?>
<!--
// Copyright (c) 2010-2014 SharpDX - Alexandre Mutel
// 
// Permission is hereby granted, free of charge, to any person obtaining a copy
// of this software and associated documentation files (the "Software"), to deal
// in the Software without restriction, including without limitation the rights
// to use, copy, modify, merge, publish, distribute, sublicense, and/or sell
// copies of the Software, and to permit persons to whom the Software is
// furnished to do so, subject to the following conditions:
// 
// The above copyright notice and this permission notice shall be included in
// all copies or substantial portions of the Software.
// 
// THE SOFTWARE IS PROVIDED "AS IS", WITHOUT WARRANTY OF ANY KIND, EXPRESS OR
// IMPLIED, INCLUDING BUT NOT LIMITED TO THE WARRANTIES OF MERCHANTABILITY,
// FITNESS FOR A PARTICULAR PURPOSE AND NONINFRINGEMENT. IN NO EVENT SHALL THE
// AUTHORS OR COPYRIGHT HOLDERS BE LIABLE FOR ANY CLAIM, DAMAGES OR OTHER
// LIABILITY, WHETHER IN AN ACTION OF CONTRACT, TORT OR OTHERWISE, ARISING FROM,
// OUT OF OR IN CONNECTION WITH THE SOFTWARE OR THE USE OR OTHER DEALINGS IN
// THE SOFTWARE.
-->
<config id="sharpdx-root" xmlns="urn:SharpGen.Config">

  <include-dir override="true">$(THIS_CONFIG_PATH)\..\External\gccxml\share\gccxml-0.9\vc12\overrides\shared</include-dir>
  <include-dir override="true">$(THIS_CONFIG_PATH)\..\External\gccxml\share\gccxml-0.9\vc12\overrides\um</include-dir>
  <include-dir override="true">$(THIS_CONFIG_PATH)\..\External\gccxml\share\gccxml-0.9\vc12\overrides</include-dir>
  <include-dir>=HKEY_LOCAL_MACHINE\SOFTWARE\Microsoft\VisualStudio\12.0\Setup\VC\ProductDir;Include</include-dir>
  <include-dir>=HKEY_LOCAL_MACHINE\SOFTWARE\Microsoft\Windows Kits\Installed Roots\KitsRoot10;Include\10.0.10586.0\shared</include-dir>
  <include-dir>=HKEY_LOCAL_MACHINE\SOFTWARE\Microsoft\Windows Kits\Installed Roots\KitsRoot10;Include\10.0.10586.0\um</include-dir>

  <var name="FILTER_PASTING_ERROR">error: pasting .*a valid preprocessing token</var>

  <ifdef name="STORE_APP">
    <include-prolog>
      // For Win8 we need to force to use include headers for MetroApp only
      #define WINAPI_FAMILY WINAPI_FAMILY_PC_APP
    </include-prolog>    
  </ifdef>
  
  
  <!-- Include prolog for GCC-XML -->
  <include-prolog>
    // Use unicode
    #define UNICODE
    
    // for SAL annotations
    #define _PREFAST_
    
    // To force GUID to be declared
    #define INITGUID
    
    // Wrap all declspec with gccxml
    #define __declspec(x) __attribute__((gccxml(#x)))
    
    // For XAudio2 patch
    #define __unaligned __attribute((__unaligned))
    
    enum __SAL_YesNo {};
  </include-prolog>

  <!-- All platforms -->
  <file>SharpDX\Mapping.xml</file>
  <file>SharpDX.DXGI\Mapping.xml</file>
  <file>SharpDX.D3DCompiler\Mapping.xml</file>
  <file>Mapping.Direct3D1x.xml</file>
  <!--<file>SharpDX.Direct3D10\Mapping.xml</file>-->
  <file>SharpDX.Direct3D11\Mapping.xml</file>
  <file>SharpDX.Direct3D12\Mapping.xml</file>
  <file>SharpDX.Direct3D11.Effects\Mapping.xml</file>
    
  <!-- All platforms -->
  <file>SharpDX.XAudio2\Mapping.xml</file>
  <file>SharpDX.MediaFoundation\Mapping.xml</file>

  <file>SharpDX.Direct2D1\Mapping.xml</file>

  <ifdef name="DESKTOP_APP">
    <file>SharpDX.Animation\Mapping.xml</file>
    <file>SharpDX.DirectComposition\Mapping.xml</file>
    <file>SharpDX.DirectManipulation\Mapping.xml</file>
    <file>SharpDX.RawInput\Mapping.xml</file>
  </ifdef>

  <file>SharpDX.XInput\Mapping.xml</file>

</config>